Date,Brand,Product Name,Rating,Gender,Age,Platform,Verified Purchase,Cleaned Review
24-04-2024,Apple,iPhone 15 Pro Max,3,Male,26,Amazon,TRUE,"The display is excellent, colors pop brilliantly. The performance is delightful, handles apps effortlessly."
22-07-2024,Samsung,S24 Ultra,2,Male,35,Amazon,TRUE,"The sound is positive, bass is deep and strong. The performance is terrific, handles apps effortlessly. The UI is wonderful, is a joy to use."
27-09-2024,Apple,iPhone 15 Pro Max,4,Female,42,Amazon,TRUE,"The display is outstanding, looks razor-sharp. The camera is awful, quality is mediocre. The battery is wonderful, offers superb backup. The design is positive, style is unmatched."
30-09-2024,Apple,iPhone 15 Pro Max,5,Female,52,Amazon,TRUE,"The UI is great, navigation is intuitive. The sound is disappointing, lacks depth. The display is positive, is absolutely breathtaking. The camera is disappointing, takes grainy shots. The design is terrific, style is unmatched."
14-04-2025,Apple,iPhone 15 Pro Max,3,Male,53,Flipkart,TRUE,"The display is excellent, looks razor-sharp. The performance is slow, is subpar overall. The UI is perfect, is a joy to use. The camera is terrific, offers perfect quality. The battery is frustrating, overheats with an issue."
12-01-2024,Apple,iPhone 15 Pro Max,5,Female,59,Flipkart,TRUE,"The camera is stellar, captures stunning photos. The performance is horrible, is subpar overall. The battery is laggy, has terrible life. The UI is fantastic, is a joy to use. The sound is frustrating, is tinny and weak."
27-11-2024,Samsung,S24 Ultra,1,Male,41,Flipkart,TRUE,"The display is excellent, is absolutely breathtaking. The battery is awesome, life is phenomenal. The sound is top-notch, delivers outstanding clarity."
28-09-2024,Samsung,S24 Ultra,2,Other,30,Flipkart,TRUE,"The performance is excellent, runs lightning fast. The display is top-notch, colors pop brilliantly. The design is good, feels sleek and premium. The battery is great, offers superb backup."
10-03-2024,Apple,iPhone 15 Pro Max,3,Male,33,Flipkart,TRUE,"The display is smooth, is crystal clear. The camera is laggy, blurs in dim light. The design is perfect, fits perfectly in hand."
09-03-2025,Samsung,S24 Ultra,4,Female,21,Amazon,TRUE,"The design is impressive, build is luxurious. The battery is superb, delivers stellar endurance. The camera is excellent, snaps sharp images. The display is top-notch, looks razor-sharp."
21-02-2024,Apple,iPhone 15 Pro Max,1,Other,33,Amazon,TRUE,"The camera is terrific, produces vivid colors. The performance is subpar, is annoyingly slow. The battery is annoying, is a disappointing letdown. The design is awesome, build is luxurious. The sound is great, music sounds fantastic."
03-03-2024,Samsung,S24 Ultra,1,Male,48,Amazon,TRUE,"The design is excellent, style is unmatched. The camera is mediocre, blurs in dim light."
09-09-2024,Apple,iPhone 15 Pro Max,5,Male,60,Flipkart,FALSE,"The sound is terrific, delivers outstanding clarity. The design is outstanding, looks absolutely gorgeous. The UI is excellent, interface feels seamless."
14-04-2025,Apple,iPhone 15 Pro Max,1,Female,50,Flipkart,TRUE,"The battery is top-notch, life is phenomenal. The camera is stellar, captures stunning photos. The UI is annoying, layout is frustrating. The display is awful, colors seem washed out."
27-09-2024,Apple,iPhone 15 Pro Max,1,Female,27,Flipkart,TRUE,"The sound is superb, music sounds fantastic. The UI is great, interface feels seamless. The camera is superb, captures stunning photos."
04-01-2024,Samsung,S24 Ultra,2,Female,34,Amazon,TRUE,"The display is top-notch, looks razor-sharp. The battery is pathetic, barely lasts a few hours. The sound is awesome, is rich and loud. The design is great, fits perfectly in hand. The UI is smooth, animations are flawless."
15-04-2024,Samsung,S24 Ultra,5,Female,44,Amazon,FALSE,"The design is bad, slips too easily. The camera is disappointing, quality is mediocre. The sound is issue, feels pathetic."
12-06-2024,Apple,iPhone 15 Pro Max,4,Female,48,Amazon,TRUE,"The UI is mediocre, layout is frustrating. The design is excellent, fits perfectly in hand. The camera is stellar, snaps sharp images. The display is top-notch, brightness is outstanding. The battery is awful, overheats with an issue."
01-07-2024,Samsung,S24 Ultra,1,Male,45,Flipkart,TRUE,"The performance is flawless, multitasking is a breeze. The display is perfect, looks razor-sharp. The sound is top-notch, volume is impressive. The battery is positive, charges in a flash."
17-03-2025,Apple,iPhone 15 Pro Max,3,Female,60,Amazon,TRUE,"The display is outstanding, is absolutely breathtaking. The UI is perfect, animations are flawless. The performance is negative, stumbles with games. The sound is terrific, music sounds fantastic."
01-01-2024,Samsung,S24 Ultra,3,Male,55,Flipkart,TRUE,"The sound is excellent, bass is deep and strong. The camera is delightful, produces vivid colors. The display is smooth, visuals are top-notch. The performance is positive, multitasking is a breeze. The UI is smooth, design is fantastic."
15-03-2024,Samsung,S24 Ultra,4,Female,54,Amazon,TRUE,"The performance is amazing, zero lag anywhere. The design is stellar, looks absolutely gorgeous. The camera is smooth, captures stunning photos. The display is impressive, visuals are top-notch. The UI is top-notch, is a joy to use."
20-11-2024,Samsung,S24 Ultra,5,Female,50,Flipkart,FALSE,"The camera is problem, struggles at night. The sound is smooth, bass is deep and strong. The performance is outstanding, multitasking is a breeze. The display is brilliant, is absolutely breathtaking. The design is awesome, build is luxurious."
27-01-2025,Apple,iPhone 15 Pro Max,2,Male,44,Flipkart,TRUE,"The battery is bad, barely lasts a few hours. The camera is good, produces vivid colors. The performance is terrific, zero lag anywhere. The display is top-notch, is absolutely breathtaking. The UI is weak, feels clunky and slow."
06-10-2024,Samsung,S24 Ultra,4,Male,39,Flipkart,TRUE,"The camera is good, captures stunning photos. The display is awesome, is crystal clear. The sound is superb, is wonderfully immersive. The battery is impressive, charges in a flash. The design is terrific, fits perfectly in hand."
07-03-2025,Samsung,S24 Ultra,1,Female,52,Amazon,FALSE,"The camera is issue, takes grainy shots. The sound is unreliable, distorts at max volume. The battery is phenomenal, life is phenomenal. The display is positive, is crystal clear."
19-09-2024,Samsung,S24 Ultra,2,Female,25,Amazon,FALSE,"The display is flawless, visuals are top-notch. The battery is mediocre, charges painfully slow."
22-07-2024,Apple,iPhone 15 Pro Max,5,Female,58,Amazon,TRUE,"The design is flawless, feels sleek and premium. The sound is perfect, volume is impressive. The display is stellar, visuals are top-notch. The battery is perfect, delivers stellar endurance."
18-04-2024,Samsung,S24 Ultra,3,Female,47,Amazon,TRUE,"The display is flawless, brightness is outstanding. The design is smooth, feels sleek and premium. The performance is impressive, multitasking is a breeze. The sound is pathetic, muffles with an issue."
23-01-2025,Samsung,S24 Ultra,1,Female,38,Amazon,TRUE,"The design is problem, is too heavy. The UI is positive, interface feels seamless. The sound is perfect, is wonderfully immersive. The display is smooth, visuals are top-notch."
02-05-2025,Samsung,S24 Ultra,4,Female,23,Flipkart,TRUE,"The UI is top-notch, is a joy to use. The sound is top-notch, bass is deep and strong. The display is impressive, brightness is outstanding."
09-11-2024,Samsung,S24 Ultra,2,Male,30,Flipkart,TRUE,"The camera is flawless, offers perfect quality. The design is amazing, build is luxurious. The performance is wonderful, multitasking is a breeze."
05-11-2024,Apple,iPhone 15 Pro Max,5,Male,20,Amazon,TRUE,"The sound is pathetic, feels pathetic. The performance is impressive, runs lightning fast. The battery is great, charges in a flash."
04-05-2025,Apple,iPhone 15 Pro Max,1,Male,22,Amazon,TRUE,"The battery is unreliable, has terrible life. The camera is terrific, snaps sharp images. The design is horrible, is too heavy. The performance is horrible, stumbles with games."
02-03-2024,Apple,iPhone 15 Pro Max,2,Female,34,Amazon,TRUE,"The display is impressive, visuals are top-notch. The battery is horrible, drains way too fast. The camera is outstanding, is a delightful feature."
09-04-2025,Apple,iPhone 15 Pro Max,2,Other,58,Amazon,TRUE,"The sound is poor, is tinny and weak. The camera is outstanding, offers perfect quality. The UI is pathetic, layout is frustrating."
25-03-2025,Apple,iPhone 15 Pro Max,4,Female,43,Flipkart,TRUE,"The performance is delightful, runs lightning fast. The battery is smooth, life is phenomenal. The display is pathetic, feels dull. The sound is problem, muffles with an issue. The camera is fantastic, snaps sharp images."
28-03-2025,Samsung,S24 Ultra,2,Other,45,Flipkart,FALSE,"The UI is fantastic, runs silky smooth. The performance is phenomenal, runs lightning fast. The design is terrific, is wonderfully elegant. The display is excellent, brightness is outstanding. The sound is amazing, is wonderfully immersive."
02-01-2024,Samsung,S24 Ultra,4,Male,51,Flipkart,TRUE,"The sound is outstanding, is wonderfully immersive. The performance is weak, lags during heavy use. The battery is delightful, offers superb backup. The camera is horrible, struggles at night. The design is perfect, feels sleek and premium."
18-08-2024,Apple,iPhone 15 Pro Max,4,Other,59,Amazon,TRUE,"The display is weak, colors seem washed out. The sound is awesome, is wonderfully immersive. The UI is delightful, is a joy to use. The performance is awesome, handles apps effortlessly."
09-10-2024,Samsung,S24 Ultra,3,Other,50,Flipkart,FALSE,"The sound is subpar, muffles with an issue. The UI is brilliant, is a joy to use. The display is terrific, is crystal clear. The performance is laggy, is subpar overall."
01-09-2024,Samsung,S24 Ultra,2,Female,44,Amazon,TRUE,"The sound is slow, muffles with an issue. The performance is disappointing, lags during heavy use. The design is subpar, feels bulky and cheap. The camera is impressive, captures stunning photos. The display is perfect, visuals are top-notch."
07-06-2024,Apple,iPhone 15 Pro Max,4,Female,34,Flipkart,TRUE,"The sound is phenomenal, music sounds fantastic. The battery is excellent, offers superb backup. The UI is outstanding, navigation is intuitive. The performance is perfect, handles apps effortlessly. The camera is amazing, snaps sharp images."
19-06-2024,Samsung,S24 Ultra,1,Male,21,Flipkart,TRUE,"The camera is fantastic, excels in low light. The design is delightful, looks absolutely gorgeous. The display is smooth, is crystal clear. The performance is slow, freezes with an issue. The UI is superb, design is fantastic."
18-09-2024,Apple,iPhone 15 Pro Max,4,Other,52,Amazon,TRUE,"The display is outstanding, colors pop brilliantly. The UI is weak, loaded with bloatware. The performance is flawless, runs lightning fast. The sound is outstanding, is rich and loud."
09-02-2025,Samsung,S24 Ultra,1,Female,21,Flipkart,FALSE,"The design is positive, is wonderfully elegant. The camera is awesome, is a delightful feature. The display is great, brightness is outstanding. The UI is terrible, looks outdated."
08-01-2025,Apple,iPhone 15 Pro Max,1,Other,38,Flipkart,TRUE,"The design is superb, build is luxurious. The display is phenomenal, brightness is outstanding. The UI is disappointing, loaded with bloatware."
24-04-2025,Apple,iPhone 15 Pro Max,2,Female,32,Flipkart,FALSE,"The battery is subpar, overheats with an issue. The performance is superb, is absolutely stellar. The design is wonderful, feels sleek and premium. The UI is weak, loaded with bloatware."
01-12-2024,Apple,iPhone 15 Pro Max,1,Female,47,Flipkart,TRUE,"The camera is horrible, quality is mediocre. The battery is smooth, keeps going all day."
18-05-2024,Samsung,S24 Ultra,4,Male,52,Flipkart,TRUE,"The performance is unreliable, overheats badly. The sound is problem, is tinny and weak. The battery is positive, delivers stellar endurance."
31-03-2025,Apple,iPhone 15 Pro Max,3,Male,41,Flipkart,TRUE,"The camera is delightful, captures stunning photos. The battery is brilliant, offers superb backup. The performance is pathetic, freezes with an issue. The sound is top-notch, delivers outstanding clarity."
09-08-2024,Apple,iPhone 15 Pro Max,3,Female,56,Amazon,TRUE,"The camera is amazing, is a delightful feature. The display is slow, fades in sunlight. The UI is smooth, is a joy to use."
27-11-2024,Apple,iPhone 15 Pro Max,2,Male,26,Flipkart,TRUE,"The performance is stellar, is absolutely stellar. The design is stellar, build is luxurious."
14-02-2024,Samsung,S24 Ultra,4,Female,19,Amazon,FALSE,"The performance is poor, lags during heavy use. The sound is awesome, is rich and loud. The battery is delightful, life is phenomenal. The design is brilliant, looks absolutely gorgeous. The UI is frustrating, layout is frustrating."
09-04-2025,Samsung,S24 Ultra,1,Female,25,Amazon,TRUE,"The performance is amazing, runs lightning fast. The UI is superb, runs silky smooth. The design is weak, feels bulky and cheap."
03-04-2024,Apple,iPhone 15 Pro Max,1,Male,41,Amazon,TRUE,"The sound is dreadful, quality is poor. The battery is outstanding, keeps going all day. The performance is amazing, is absolutely stellar. The UI is awesome, animations are flawless."
08-05-2025,Apple,iPhone 15 Pro Max,1,Male,53,Flipkart,TRUE,"The display is superb, looks razor-sharp. The camera is outstanding, produces vivid colors. The performance is fantastic, multitasking is a breeze. The battery is mediocre, drains way too fast."
25-05-2024,Apple,iPhone 15 Pro Max,1,Female,31,Flipkart,TRUE,"The camera is flawless, offers perfect quality. The UI is great, navigation is intuitive. The sound is delightful, is rich and loud. The display is superb, is crystal clear."
10-03-2025,Samsung,S24 Ultra,5,Male,35,Amazon,TRUE,"The UI is flawless, design is fantastic. The performance is outstanding, handles apps effortlessly."
13-08-2024,Samsung,S24 Ultra,5,Male,31,Flipkart,FALSE,"The design is good, looks absolutely gorgeous. The UI is fantastic, navigation is intuitive. The sound is smooth, music sounds fantastic."
28-12-2024,Apple,iPhone 15 Pro Max,4,Female,20,Flipkart,TRUE,"The design is flawless, looks absolutely gorgeous. The UI is dreadful, layout is frustrating."
27-04-2024,Samsung,S24 Ultra,1,Other,28,Flipkart,FALSE,"The battery is terrific, keeps going all day. The performance is outstanding, power is impressive. The design is brilliant, build is luxurious. The camera is amazing, offers perfect quality."
17-07-2024,Samsung,S24 Ultra,3,Female,59,Amazon,TRUE,"The UI is excellent, navigation is intuitive. The camera is weak, quality is mediocre. The sound is pathetic, lacks depth."
26-11-2024,Samsung,S24 Ultra,2,Male,48,Flipkart,TRUE,"The display is impressive, looks razor-sharp. The battery is outstanding, lasts incredibly long. The UI is excellent, is a joy to use. The sound is terrific, is wonderfully immersive."
12-02-2024,Samsung,S24 Ultra,5,Female,38,Flipkart,TRUE,"The performance is disappointing, is subpar overall. The battery is fantastic, lasts incredibly long."
10-09-2024,Samsung,S24 Ultra,4,Female,57,Amazon,TRUE,"The performance is disappointing, lags during heavy use. The design is top-notch, style is unmatched. The UI is superb, animations are flawless. The battery is unreliable, has terrible life."
07-12-2024,Apple,iPhone 15 Pro Max,5,Female,40,Flipkart,FALSE,"The camera is brilliant, excels in low light. The display is stellar, looks razor-sharp. The battery is dreadful, barely lasts a few hours. The UI is wonderful, runs silky smooth. The performance is positive, runs lightning fast."
12-05-2025,Apple,iPhone 15 Pro Max,2,Other,27,Amazon,TRUE,"The display is frustrating, fades in sunlight. The design is delightful, build is luxurious."
20-01-2025,Apple,iPhone 15 Pro Max,2,Male,57,Amazon,TRUE,"The performance is smooth, zero lag anywhere. The UI is impressive, navigation is intuitive."
01-09-2024,Samsung,S24 Ultra,4,Other,30,Flipkart,TRUE,"The performance is unreliable, freezes with an issue. The UI is terrible, experience is annoying. The design is wonderful, is wonderfully elegant. The display is stellar, looks razor-sharp. The battery is fantastic, charges in a flash."
05-04-2025,Apple,iPhone 15 Pro Max,4,Male,32,Flipkart,FALSE,"The performance is wonderful, multitasking is a breeze. The battery is excellent, charges in a flash."
17-08-2024,Apple,iPhone 15 Pro Max,3,Other,59,Flipkart,TRUE,"The battery is slow, is a disappointing letdown. The UI is delightful, interface feels seamless. The performance is bad, is annoyingly slow."
08-08-2024,Apple,iPhone 15 Pro Max,5,Other,56,Flipkart,TRUE,"The camera is delightful, snaps sharp images. The UI is phenomenal, is a joy to use. The battery is frustrating, barely lasts a few hours. The display is awesome, brightness is outstanding."
15-03-2025,Apple,iPhone 15 Pro Max,5,Male,54,Flipkart,TRUE,"The display is stellar, is absolutely breathtaking. The UI is stellar, is a joy to use."
21-01-2024,Samsung,S24 Ultra,4,Male,42,Flipkart,TRUE,"The UI is amazing, is a joy to use. The battery is brilliant, offers superb backup."
15-02-2024,Samsung,S24 Ultra,5,Male,59,Amazon,FALSE,"The sound is subpar, is tinny and weak. The performance is great, multitasking is a breeze. The camera is disappointing, focus is unreliable. The display is top-notch, is crystal clear. The battery is positive, charges in a flash."
31-12-2024,Apple,iPhone 15 Pro Max,3,Male,41,Flipkart,FALSE,"The performance is stellar, runs lightning fast. The UI is dreadful, loaded with bloatware. The camera is fantastic, offers perfect quality. The design is amazing, feels sleek and premium. The sound is outstanding, bass is deep and strong."
01-04-2025,Samsung,S24 Ultra,2,Female,40,Flipkart,TRUE,"The display is terrific, brightness is outstanding. The performance is fantastic, handles apps effortlessly. The UI is delightful, animations are flawless. The battery is great, offers superb backup."
09-03-2024,Apple,iPhone 15 Pro Max,3,Male,54,Amazon,TRUE,"The UI is wonderful, design is fantastic. The design is superb, build is luxurious. The performance is bad, is subpar overall. The battery is stellar, delivers stellar endurance. The sound is awful, feels pathetic."
23-09-2024,Samsung,S24 Ultra,2,Other,36,Flipkart,TRUE,"The design is impressive, feels sleek and premium. The battery is disappointing, is a disappointing letdown. The performance is excellent, is absolutely stellar."
24-10-2024,Samsung,S24 Ultra,2,Female,58,Amazon,TRUE,"The battery is phenomenal, lasts incredibly long. The camera is flawless, produces vivid colors. The sound is top-notch, delivers outstanding clarity."
29-03-2024,Apple,iPhone 15 Pro Max,3,Male,48,Flipkart,TRUE,"The camera is impressive, snaps sharp images. The UI is lousy, feels clunky and slow."
05-07-2024,Apple,iPhone 15 Pro Max,4,Female,21,Amazon,TRUE,"The camera is stellar, produces vivid colors. The design is problem, slips too easily. The UI is top-notch, runs silky smooth. The sound is outstanding, music sounds fantastic."
05-04-2024,Apple,iPhone 15 Pro Max,5,Other,27,Amazon,TRUE,"The design is flawless, fits perfectly in hand. The display is flawless, is crystal clear. The battery is bad, charges painfully slow. The sound is annoying, feels pathetic."
05-11-2024,Samsung,S24 Ultra,2,Female,43,Flipkart,TRUE,"The camera is impressive, excels in low light. The performance is awesome, runs lightning fast."
22-11-2024,Samsung,S24 Ultra,4,Male,41,Amazon,TRUE,"The battery is outstanding, delivers stellar endurance. The UI is dreadful, feels clunky and slow. The performance is negative, is annoyingly slow. The camera is disappointing, takes grainy shots. The design is weak, is too heavy."
23-04-2025,Samsung,S24 Ultra,3,Female,23,Flipkart,TRUE,"The camera is outstanding, snaps sharp images. The display is phenomenal, brightness is outstanding. The UI is amazing, design is fantastic."
17-05-2024,Samsung,S24 Ultra,3,Female,41,Amazon,TRUE,"The UI is stellar, design is fantastic. The display is superb, is absolutely breathtaking. The design is amazing, build is luxurious."
09-04-2024,Samsung,S24 Ultra,3,Female,39,Flipkart,TRUE,"The display is great, looks razor-sharp. The design is brilliant, looks absolutely gorgeous. The performance is awesome, is absolutely stellar."
23-05-2024,Samsung,S24 Ultra,5,Male,43,Flipkart,TRUE,"The sound is amazing, is wonderfully immersive. The display is good, is absolutely breathtaking. The UI is flawless, is a joy to use. The performance is great, is absolutely stellar. The battery is stellar, life is phenomenal."
24-01-2025,Apple,iPhone 15 Pro Max,2,Male,25,Amazon,TRUE,"The performance is delightful, zero lag anywhere. The camera is terrible, is a disappointing aspect. The design is positive, is wonderfully elegant. The sound is phenomenal, music sounds fantastic."
20-01-2025,Samsung,S24 Ultra,2,Female,52,Flipkart,TRUE,"The display is outstanding, colors pop brilliantly. The performance is horrible, is annoyingly slow. The camera is weak, focus is unreliable. The design is top-notch, style is unmatched."
07-10-2024,Samsung,S24 Ultra,1,Female,52,Flipkart,FALSE,"The design is excellent, fits perfectly in hand. The UI is problem, experience is annoying. The camera is positive, offers perfect quality. The sound is top-notch, volume is impressive. The battery is amazing, keeps going all day."
02-09-2024,Apple,iPhone 15 Pro Max,1,Female,51,Amazon,TRUE,"The battery is phenomenal, lasts incredibly long. The performance is awesome, handles apps effortlessly."
10-06-2024,Samsung,S24 Ultra,4,Female,30,Flipkart,TRUE,"The design is smooth, is wonderfully elegant. The battery is great, offers superb backup."
03-03-2025,Apple,iPhone 15 Pro Max,1,Other,43,Flipkart,TRUE,"The battery is disappointing, overheats with an issue. The design is top-notch, is wonderfully elegant. The UI is awesome, is a joy to use. The sound is positive, is rich and loud."
04-12-2024,Apple,iPhone 15 Pro Max,4,Female,29,Amazon,TRUE,"The display is terrific, is crystal clear. The sound is excellent, is wonderfully immersive. The camera is fantastic, excels in low light. The design is smooth, feels sleek and premium."
24-09-2024,Samsung,S24 Ultra,2,Male,35,Flipkart,TRUE,"The UI is smooth, interface feels seamless. The sound is subpar, feels pathetic."
12-06-2024,Samsung,S24 Ultra,5,Other,37,Amazon,TRUE,"The UI is weak, feels clunky and slow. The display is delightful, brightness is outstanding. The camera is top-notch, snaps sharp images. The sound is laggy, distorts at max volume."
24-03-2024,Samsung,S24 Ultra,5,Female,22,Amazon,TRUE,"The display is stellar, is crystal clear. The design is positive, style is unmatched. The camera is excellent, offers perfect quality."
01-04-2025,Apple,iPhone 15 Pro Max,4,Male,44,Flipkart,TRUE,"The sound is laggy, muffles with an issue. The UI is perfect, runs silky smooth. The battery is annoying, drains way too fast. The performance is poor, overheats badly. The camera is perfect, excels in low light."
18-05-2024,Samsung,S24 Ultra,3,Other,42,Flipkart,FALSE,"The performance is awful, freezes with an issue. The battery is mediocre, barely lasts a few hours. The display is smooth, looks razor-sharp. The camera is horrible, quality is mediocre. The UI is top-notch, design is fantastic."
23-01-2025,Apple,iPhone 15 Pro Max,2,Female,27,Flipkart,TRUE,"The battery is bad, has terrible life. The sound is amazing, music sounds fantastic."
04-02-2024,Samsung,S24 Ultra,5,Female,21,Amazon,TRUE,"The performance is outstanding, multitasking is a breeze. The camera is pathetic, focus is unreliable. The display is brilliant, colors pop brilliantly. The sound is awesome, volume is impressive. The battery is perfect, charges in a flash."
08-10-2024,Apple,iPhone 15 Pro Max,5,Other,29,Flipkart,TRUE,"The UI is frustrating, layout is frustrating. The sound is perfect, delivers outstanding clarity."
03-11-2024,Samsung,S24 Ultra,2,Female,48,Amazon,FALSE,"The design is annoying, looks uninspired. The sound is annoying, muffles with an issue. The camera is smooth, produces vivid colors. The performance is excellent, zero lag anywhere."
14-01-2025,Apple,iPhone 15 Pro Max,5,Female,30,Amazon,TRUE,"The design is flawless, style is unmatched. The battery is laggy, charges painfully slow."
01-08-2024,Samsung,S24 Ultra,3,Other,18,Amazon,FALSE,"The sound is unreliable, quality is poor. The performance is smooth, is absolutely stellar."
25-11-2024,Samsung,S24 Ultra,4,Female,59,Flipkart,TRUE,"The display is phenomenal, brightness is outstanding. The performance is lousy, is annoyingly slow. The sound is flawless, delivers outstanding clarity. The battery is good, charges in a flash."
03-03-2025,Samsung,S24 Ultra,2,Male,32,Flipkart,TRUE,"The performance is phenomenal, power is impressive. The display is phenomenal, is crystal clear. The UI is wonderful, navigation is intuitive."
23-05-2024,Samsung,S24 Ultra,2,Other,52,Amazon,TRUE,"The design is good, looks absolutely gorgeous. The sound is smooth, is rich and loud."
03-06-2024,Apple,iPhone 15 Pro Max,2,Female,41,Amazon,TRUE,"The sound is good, is rich and loud. The performance is superb, is absolutely stellar. The battery is bad, barely lasts a few hours. The display is dreadful, colors seem washed out. The UI is amazing, is a joy to use."
01-06-2024,Apple,iPhone 15 Pro Max,2,Female,34,Flipkart,TRUE,"The battery is smooth, charges in a flash. The UI is poor, experience is annoying. The performance is terrible, lags during heavy use. The display is terrific, is absolutely breathtaking. The sound is good, volume is impressive."
24-06-2024,Apple,iPhone 15 Pro Max,4,Female,59,Flipkart,TRUE,"The display is flawless, is crystal clear. The battery is excellent, life is phenomenal."
14-10-2024,Apple,iPhone 15 Pro Max,2,Other,38,Amazon,FALSE,"The design is horrible, slips too easily. The sound is flawless, is wonderfully immersive. The performance is top-notch, runs lightning fast."
28-01-2025,Apple,iPhone 15 Pro Max,1,Female,40,Amazon,TRUE,"The design is delightful, is wonderfully elegant. The battery is brilliant, lasts incredibly long. The UI is impressive, design is fantastic."
21-08-2024,Samsung,S24 Ultra,5,Other,45,Amazon,TRUE,"The battery is superb, offers superb backup. The display is awesome, visuals are top-notch. The UI is wonderful, interface feels seamless. The camera is outstanding, snaps sharp images. The sound is superb, is rich and loud."
15-05-2024,Apple,iPhone 15 Pro Max,2,Male,53,Flipkart,TRUE,"The UI is delightful, runs silky smooth. The display is bad, brightness is weak."
27-02-2025,Samsung,S24 Ultra,1,Female,53,Amazon,TRUE,"The sound is outstanding, bass is deep and strong. The performance is excellent, multitasking is a breeze. The camera is perfect, produces vivid colors."
10-05-2025,Apple,iPhone 15 Pro Max,3,Male,33,Flipkart,TRUE,"The performance is terrific, runs lightning fast. The battery is mediocre, overheats with an issue. The camera is perfect, is a delightful feature."
19-05-2024,Samsung,S24 Ultra,3,Female,30,Flipkart,TRUE,"The UI is terrific, runs silky smooth. The design is flawless, build is luxurious. The performance is top-notch, multitasking is a breeze. The camera is top-notch, captures stunning photos. The display is subpar, quality is mediocre."
02-08-2024,Samsung,S24 Ultra,3,Female,22,Flipkart,TRUE,"The sound is awesome, volume is impressive. The UI is terrific, interface feels seamless. The camera is delightful, snaps sharp images."
14-02-2025,Samsung,S24 Ultra,5,Male,41,Amazon,TRUE,"The sound is delightful, is rich and loud. The design is terrific, fits perfectly in hand. The UI is dreadful, loaded with bloatware."
11-01-2024,Apple,iPhone 15 Pro Max,3,Male,51,Amazon,TRUE,"The performance is weak, lags during heavy use. The sound is excellent, is rich and loud. The display is slow, brightness is weak. The camera is impressive, excels in low light. The design is wonderful, looks absolutely gorgeous."
09-04-2024,Samsung,S24 Ultra,4,Male,37,Amazon,FALSE,"The battery is fantastic, life is phenomenal. The UI is fantastic, is a joy to use."
12-06-2024,Samsung,S24 Ultra,5,Male,47,Amazon,TRUE,"The camera is delightful, excels in low light. The sound is perfect, is wonderfully immersive. The performance is positive, multitasking is a breeze."
12-10-2024,Apple,iPhone 15 Pro Max,5,Male,52,Amazon,TRUE,"The performance is phenomenal, is absolutely stellar. The battery is disappointing, barely lasts a few hours. The UI is terrific, is a joy to use."
26-04-2024,Samsung,S24 Ultra,3,Female,57,Amazon,FALSE,"The display is smooth, brightness is outstanding. The design is wonderful, style is unmatched. The battery is terrific, delivers stellar endurance. The camera is flawless, snaps sharp images."
09-03-2025,Apple,iPhone 15 Pro Max,4,Female,59,Amazon,TRUE,"The UI is wonderful, interface feels seamless. The camera is positive, snaps sharp images. The sound is frustrating, quality is poor. The design is phenomenal, looks absolutely gorgeous. The display is subpar, flickers with an issue."
20-06-2024,Apple,iPhone 15 Pro Max,5,Male,32,Flipkart,TRUE,"The display is pathetic, quality is mediocre. The UI is weak, looks outdated. The camera is flawless, captures stunning photos."
01-10-2024,Samsung,S24 Ultra,5,Female,20,Flipkart,TRUE,"The battery is wonderful, lasts incredibly long. The sound is amazing, delivers outstanding clarity. The camera is flawless, is a delightful feature. The UI is delightful, animations are flawless. The design is delightful, build is luxurious."
30-07-2024,Apple,iPhone 15 Pro Max,1,Female,52,Flipkart,TRUE,"The UI is superb, is a joy to use. The sound is awful, distorts at max volume. The design is dreadful, feels bulky and cheap."
10-10-2024,Apple,iPhone 15 Pro Max,2,Male,38,Amazon,TRUE,"The performance is impressive, handles apps effortlessly. The camera is excellent, snaps sharp images. The display is superb, visuals are top-notch. The UI is lousy, lags with an issue. The design is disappointing, is too heavy."
03-01-2024,Apple,iPhone 15 Pro Max,4,Female,40,Amazon,TRUE,"The camera is outstanding, produces vivid colors. The performance is awesome, is absolutely stellar. The design is disappointing, is a disappointing aspect. The sound is terrible, is tinny and weak. The display is impressive, looks razor-sharp."
07-05-2024,Apple,iPhone 15 Pro Max,4,Female,45,Amazon,FALSE,"The sound is problem, is tinny and weak. The UI is problem, loaded with bloatware. The camera is fantastic, captures stunning photos."
09-02-2025,Samsung,S24 Ultra,2,Male,23,Amazon,TRUE,"The battery is good, lasts incredibly long. The camera is amazing, snaps sharp images. The display is phenomenal, looks razor-sharp. The sound is excellent, volume is impressive. The UI is awful, layout is frustrating."
11-01-2025,Samsung,S24 Ultra,2,Male,26,Amazon,TRUE,"The display is wonderful, visuals are top-notch. The sound is awesome, is wonderfully immersive."
29-03-2025,Apple,iPhone 15 Pro Max,1,Female,26,Amazon,TRUE,"The UI is excellent, navigation is intuitive. The performance is delightful, power is impressive. The design is good, style is unmatched. The camera is laggy, struggles at night. The battery is laggy, is a disappointing letdown."
05-02-2025,Samsung,S24 Ultra,1,Female,33,Flipkart,TRUE,"The performance is good, runs lightning fast. The sound is slow, lacks depth. The display is flawless, is crystal clear."
09-01-2025,Apple,iPhone 15 Pro Max,4,Other,22,Amazon,TRUE,"The UI is great, design is fantastic. The camera is stellar, snaps sharp images."
09-03-2025,Samsung,S24 Ultra,1,Female,52,Amazon,TRUE,"The battery is terrific, keeps going all day. The display is excellent, brightness is outstanding. The camera is smooth, captures stunning photos. The sound is perfect, is rich and loud."
09-04-2025,Apple,iPhone 15 Pro Max,3,Female,60,Amazon,TRUE,"The sound is wonderful, music sounds fantastic. The battery is problem, has terrible life. The camera is superb, is a delightful feature."
30-04-2024,Apple,iPhone 15 Pro Max,3,Female,35,Amazon,TRUE,"The performance is great, zero lag anywhere. The design is negative, build quality is lousy."
10-06-2024,Samsung,S24 Ultra,1,Female,25,Amazon,TRUE,"The battery is phenomenal, charges in a flash. The design is awesome, build is luxurious."
06-02-2024,Samsung,S24 Ultra,2,Male,44,Flipkart,TRUE,"The display is great, colors pop brilliantly. The UI is stellar, interface feels seamless."
14-02-2025,Apple,iPhone 15 Pro Max,4,Female,37,Flipkart,TRUE,"The battery is unreliable, has terrible life. The UI is flawless, design is fantastic. The camera is laggy, is a disappointing aspect. The sound is issue, distorts at max volume. The performance is perfect, handles apps effortlessly."
26-08-2024,Samsung,S24 Ultra,1,Other,18,Flipkart,FALSE,"The battery is great, offers superb backup. The camera is poor, blurs in dim light. The display is stellar, is crystal clear. The sound is lousy, lacks depth."
27-03-2024,Apple,iPhone 15 Pro Max,5,Male,43,Amazon,TRUE,"The performance is issue, is annoyingly slow. The sound is brilliant, is wonderfully immersive."
30-11-2024,Samsung,S24 Ultra,4,Male,22,Amazon,TRUE,"The camera is impressive, produces vivid colors. The battery is top-notch, charges in a flash."
31-07-2024,Samsung,S24 Ultra,3,Female,25,Amazon,TRUE,"The design is brilliant, build is luxurious. The sound is smooth, bass is deep and strong. The display is great, visuals are top-notch. The battery is fantastic, lasts incredibly long."
18-02-2025,Samsung,S24 Ultra,5,Female,33,Amazon,TRUE,"The battery is issue, has terrible life. The design is terrific, fits perfectly in hand. The sound is poor, muffles with an issue."
22-09-2024,Apple,iPhone 15 Pro Max,1,Other,30,Flipkart,FALSE,"The design is impressive, feels sleek and premium. The UI is flawless, design is fantastic."
08-02-2025,Samsung,S24 Ultra,1,Male,45,Amazon,TRUE,"The UI is terrible, looks outdated. The design is smooth, style is unmatched. The performance is perfect, is absolutely stellar."
05-05-2025,Apple,iPhone 15 Pro Max,1,Male,26,Flipkart,TRUE,"The sound is lousy, lacks depth. The display is phenomenal, brightness is outstanding. The battery is frustrating, overheats with an issue."
01-02-2025,Samsung,S24 Ultra,2,Male,56,Amazon,TRUE,"The battery is smooth, offers superb backup. The performance is smooth, runs lightning fast. The display is great, colors pop brilliantly. The UI is terrific, runs silky smooth."
26-06-2024,Apple,iPhone 15 Pro Max,2,Female,40,Amazon,TRUE,"The display is weak, feels dull. The design is phenomenal, feels sleek and premium. The camera is smooth, offers perfect quality. The sound is stellar, is wonderfully immersive."
01-01-2024,Samsung,S24 Ultra,5,Male,26,Flipkart,TRUE,"The battery is stellar, charges in a flash. The design is lousy, is a disappointing aspect. The camera is mediocre, struggles at night. The display is outstanding, brightness is outstanding."
19-05-2024,Apple,iPhone 15 Pro Max,4,Female,49,Flipkart,TRUE,"The camera is outstanding, excels in low light. The sound is good, volume is impressive. The display is mediocre, feels dull. The design is delightful, fits perfectly in hand."
14-08-2024,Apple,iPhone 15 Pro Max,4,Male,22,Amazon,TRUE,"The camera is superb, excels in low light. The sound is excellent, bass is deep and strong. The battery is amazing, life is phenomenal. The UI is terrific, design is fantastic."
05-03-2025,Apple,iPhone 15 Pro Max,4,Female,42,Flipkart,TRUE,"The design is flawless, style is unmatched. The performance is smooth, multitasking is a breeze."
07-04-2025,Apple,iPhone 15 Pro Max,1,Male,38,Flipkart,FALSE,"The UI is negative, experience is annoying. The camera is excellent, produces vivid colors."
09-05-2025,Apple,iPhone 15 Pro Max,4,Other,28,Flipkart,TRUE,"The UI is dreadful, experience is annoying. The camera is top-notch, produces vivid colors."
15-10-2024,Samsung,S24 Ultra,2,Male,43,Flipkart,TRUE,"The battery is unreliable, charges painfully slow. The performance is good, multitasking is a breeze. The design is outstanding, feels sleek and premium. The UI is amazing, runs silky smooth."
11-02-2025,Samsung,S24 Ultra,4,Female,34,Amazon,TRUE,"The camera is superb, snaps sharp images. The UI is smooth, runs silky smooth. The performance is awesome, power is impressive. The sound is poor, quality is poor. The battery is top-notch, delivers stellar endurance."
20-08-2024,Apple,iPhone 15 Pro Max,4,Female,44,Flipkart,TRUE,"The performance is great, is absolutely stellar. The UI is stellar, is a joy to use. The battery is unreliable, has terrible life."
03-05-2024,Samsung,S24 Ultra,2,Other,28,Amazon,FALSE,"The battery is dreadful, has terrible life. The performance is slow, stumbles with games. The design is excellent, feels sleek and premium."
01-02-2025,Samsung,S24 Ultra,5,Male,35,Flipkart,FALSE,"The design is stellar, looks absolutely gorgeous. The sound is awesome, delivers outstanding clarity."
12-04-2024,Apple,iPhone 15 Pro Max,5,Female,36,Flipkart,FALSE,"The performance is superb, zero lag anywhere. The sound is delightful, volume is impressive. The design is great, looks absolutely gorgeous. The display is disappointing, quality is mediocre."
31-08-2024,Apple,iPhone 15 Pro Max,4,Other,41,Amazon,TRUE,"The UI is issue, feels clunky and slow. The design is impressive, fits perfectly in hand. The performance is perfect, is absolutely stellar. The battery is laggy, charges painfully slow."
04-08-2024,Samsung,S24 Ultra,4,Female,41,Amazon,TRUE,"The battery is stellar, keeps going all day. The UI is positive, navigation is intuitive. The display is smooth, looks razor-sharp."
12-04-2025,Apple,iPhone 15 Pro Max,3,Female,35,Flipkart,FALSE,"The sound is impressive, delivers outstanding clarity. The battery is weak, barely lasts a few hours. The design is wonderful, build is luxurious. The camera is problem, is a disappointing aspect. The performance is poor, is annoyingly slow."
29-01-2024,Samsung,S24 Ultra,1,Male,54,Amazon,FALSE,"The sound is frustrating, is tinny and weak. The camera is bad, quality is mediocre. The UI is negative, looks outdated."
09-01-2024,Apple,iPhone 15 Pro Max,3,Female,37,Flipkart,TRUE,"The design is stellar, is wonderfully elegant. The UI is amazing, interface feels seamless. The performance is wonderful, is absolutely stellar. The sound is delightful, bass is deep and strong. The battery is amazing, delivers stellar endurance."
06-03-2024,Samsung,S24 Ultra,3,Female,35,Flipkart,TRUE,"The camera is unreliable, quality is mediocre. The design is awesome, style is unmatched. The display is phenomenal, brightness is outstanding. The sound is perfect, is wonderfully immersive."
01-02-2025,Apple,iPhone 15 Pro Max,5,Female,54,Amazon,TRUE,"The sound is lousy, muffles with an issue. The display is fantastic, visuals are top-notch. The performance is negative, is annoyingly slow."
09-04-2024,Samsung,S24 Ultra,2,Female,53,Amazon,FALSE,"The sound is outstanding, is wonderfully immersive. The battery is brilliant, charges in a flash. The camera is outstanding, snaps sharp images. The UI is weak, loaded with bloatware."
13-03-2024,Samsung,S24 Ultra,2,Female,42,Flipkart,TRUE,"The camera is flawless, snaps sharp images. The design is fantastic, feels sleek and premium. The UI is fantastic, runs silky smooth."
29-02-2024,Apple,iPhone 15 Pro Max,4,Male,28,Amazon,TRUE,"The camera is perfect, snaps sharp images. The display is phenomenal, is crystal clear."
05-01-2024,Apple,iPhone 15 Pro Max,5,Male,41,Amazon,FALSE,"The battery is issue, has terrible life. The sound is wonderful, bass is deep and strong. The design is terrific, is wonderfully elegant."
09-11-2024,Apple,iPhone 15 Pro Max,1,Female,37,Flipkart,TRUE,"The performance is weak, is annoyingly slow. The sound is negative, lacks depth. The camera is smooth, is a delightful feature. The UI is laggy, experience is annoying."
23-01-2024,Apple,iPhone 15 Pro Max,1,Male,59,Amazon,TRUE,"The design is great, style is unmatched. The display is good, looks razor-sharp. The sound is perfect, is wonderfully immersive. The battery is top-notch, charges in a flash."
30-04-2025,Apple,iPhone 15 Pro Max,2,Female,58,Amazon,TRUE,"The sound is delightful, volume is impressive. The display is amazing, is absolutely breathtaking."
30-04-2024,Samsung,S24 Ultra,1,Female,49,Amazon,TRUE,"The design is horrible, slips too easily. The display is phenomenal, colors pop brilliantly. The camera is phenomenal, produces vivid colors. The UI is good, animations are flawless."
01-04-2024,Apple,iPhone 15 Pro Max,5,Female,27,Amazon,TRUE,"The sound is superb, volume is impressive. The design is outstanding, fits perfectly in hand."
20-04-2025,Apple,iPhone 15 Pro Max,1,Female,20,Flipkart,TRUE,"The performance is terrible, lags during heavy use. The sound is negative, feels pathetic. The battery is impressive, keeps going all day. The display is excellent, brightness is outstanding."
16-12-2024,Apple,iPhone 15 Pro Max,1,Male,47,Flipkart,FALSE,"The design is great, build is luxurious. The performance is flawless, zero lag anywhere. The camera is subpar, takes grainy shots. The battery is lousy, barely lasts a few hours. The sound is awesome, is wonderfully immersive."
14-05-2025,Apple,iPhone 15 Pro Max,4,Male,22,Flipkart,TRUE,"The sound is flawless, volume is impressive. The design is brilliant, is wonderfully elegant."
07-04-2024,Samsung,S24 Ultra,2,Female,60,Flipkart,TRUE,"The battery is frustrating, charges painfully slow. The sound is negative, is tinny and weak."
18-05-2025,Samsung,S24 Ultra,2,Male,35,Amazon,TRUE,"The performance is subpar, lags during heavy use. The camera is subpar, focus is unreliable. The battery is phenomenal, life is phenomenal. The design is amazing, looks absolutely gorgeous. The sound is top-notch, music sounds fantastic."
01-01-2024,Apple,iPhone 15 Pro Max,5,Other,58,Flipkart,FALSE,"The sound is lousy, is tinny and weak. The design is subpar, build quality is lousy. The performance is delightful, is absolutely stellar."
29-04-2025,Samsung,S24 Ultra,4,Male,60,Amazon,TRUE,"The design is terrible, slips too easily. The sound is perfect, is rich and loud. The UI is positive, navigation is intuitive. The display is terrific, colors pop brilliantly."
13-04-2025,Apple,iPhone 15 Pro Max,3,Male,44,Amazon,FALSE,"The design is flawless, is wonderfully elegant. The performance is phenomenal, handles apps effortlessly."
19-02-2024,Samsung,S24 Ultra,5,Female,50,Amazon,TRUE,"The sound is delightful, music sounds fantastic. The camera is frustrating, quality is mediocre. The battery is delightful, life is phenomenal."
11-09-2024,Samsung,S24 Ultra,4,Other,36,Flipkart,FALSE,"The performance is top-notch, runs lightning fast. The display is top-notch, visuals are top-notch. The sound is positive, music sounds fantastic."
24-10-2024,Samsung,S24 Ultra,2,Other,59,Amazon,TRUE,"The sound is perfect, volume is impressive. The battery is top-notch, charges in a flash. The UI is dreadful, loaded with bloatware. The performance is good, zero lag anywhere."
28-05-2024,Apple,iPhone 15 Pro Max,1,Male,28,Flipkart,TRUE,"The design is top-notch, feels sleek and premium. The battery is impressive, lasts incredibly long. The UI is top-notch, navigation is intuitive."
02-02-2025,Apple,iPhone 15 Pro Max,5,Female,36,Amazon,FALSE,"The performance is positive, is absolutely stellar. The sound is subpar, distorts at max volume. The UI is lousy, looks outdated. The battery is unreliable, has terrible life. The design is positive, fits perfectly in hand."
04-04-2025,Apple,iPhone 15 Pro Max,1,Male,29,Amazon,TRUE,"The UI is superb, interface feels seamless. The display is awesome, looks razor-sharp. The design is brilliant, is wonderfully elegant. The camera is delightful, is a delightful feature. The battery is flawless, keeps going all day."
01-01-2025,Apple,iPhone 15 Pro Max,3,Female,29,Amazon,TRUE,"The performance is wonderful, multitasking is a breeze. The display is disappointing, brightness is weak. The sound is positive, music sounds fantastic."
